<?xml version='1.0'?>
<module>
<exporttime>2010-10-14 14:21:23</exporttime>
<name>Pdfsettings</name>
<label>Pdfsettings</label>
<parent>Tools</parent>
<type>extension</type>
<version>1.2.1</version>
<dependencies>
<vtiger_version>5.2.1</vtiger_version>
</dependencies>
<license>
<inline><![CDATA[/*+***********************************************************************************
 * The contents of this file are subject to the vtiger CRM Public License Version 1.0
 * ("License"); You may not use this file except in compliance with the License
 * The Original Code is:  vtiger CRM Open Source
 * The Initial Developer of the Original Code is crm-now
 * No warranty is given and you use this on your own risk
 * Portions created by vtiger are Copyright (C) vtiger.
 * Copyright crm-now, www.crm-now.com All Rights Reserved.
 *************************************************************************************/]]></inline>
</license>
<tables>
<table>
<name>crmnow_pdfsettings</name>
<sql><![CDATA[CREATE TABLE IF NOT EXISTS `crmnow_pdfsettings` (
  `pdfieldid` int(2) NOT NULL default '0',
  `pdffieldname` varchar(19) collate utf8_unicode_ci NOT NULL default '',
  `pdfeditable` int(1) NOT NULL default '0',
  `pdfmodul` varchar(13) collate utf8_unicode_ci NOT NULL default ''
) ENGINE=InnoDB DEFAULT CHARSET=utf8 COLLATE=utf8_unicode_ci]]></sql>
</table>
<table>
<name>crmnow_pdf_fields</name>
<sql><![CDATA[CREATE TABLE IF NOT EXISTS `crmnow_pdf_fields` (
  `pdffieldid` int(2) NOT NULL default '0',
  `pdffieldname` varchar(30) collate utf8_unicode_ci NOT NULL default '',
  `pdftablename` varchar(30) collate utf8_unicode_ci NOT NULL default '',
  `quotes_g_enabled` int(1) NOT NULL default '0',
  `quotes_i_enabled` int(1) NOT NULL default '0',
  `po_g_enabled` int(1) NOT NULL default '0',
  `po_i_enabled` int(1) NOT NULL default '0',
  `so_g_enabled` int(1) NOT NULL default '0',
  `so_i_enabled` int(1) NOT NULL default '0',
  `invoice_g_enabled` int(1) NOT NULL default '0',
  `invoice_i_enabled` int(1) NOT NULL default '0',
  PRIMARY KEY  (`pdffieldid`)
) ENGINE=InnoDB DEFAULT CHARSET=utf8 COLLATE=utf8_unicode_ci]]></sql>
</table>
<table>
<name>crmnow_pdfcolums_active</name>
<sql><![CDATA[CREATE TABLE IF NOT EXISTS `crmnow_pdfcolums_active` (
  `pdfcolumnactiveid` int(2) NOT NULL default '0',
  `pdfmodulname` varchar(13) collate utf8_unicode_ci NOT NULL default '0',
  `pdftaxmode` varchar(10) collate utf8_unicode_ci NOT NULL default '0',
  `position` varchar(8) collate utf8_unicode_ci NOT NULL default '0',
  `ordercode` varchar(8) collate utf8_unicode_ci NOT NULL default '0',
  `description` varchar(8) collate utf8_unicode_ci NOT NULL default '0',
  `qty` varchar(8) collate utf8_unicode_ci NOT NULL default '0',
  `unit` varchar(8) collate utf8_unicode_ci NOT NULL default '0',
  `unitprice` varchar(8) collate utf8_unicode_ci NOT NULL default '0',
  `discount` varchar(8) collate utf8_unicode_ci NOT NULL default '0',
  `tax` varchar(8) collate utf8_unicode_ci NOT NULL default '0',
  `linetotal` varchar(8) collate utf8_unicode_ci NOT NULL default '0',
  PRIMARY KEY  (`pdfcolumnactiveid`)
) ENGINE=InnoDB DEFAULT CHARSET=utf8 COLLATE=utf8_unicode_ci]]></sql>
</table>
<table>
<name>crmnow_pdfcolums_sel</name>
<sql><![CDATA[CREATE TABLE IF NOT EXISTS `crmnow_pdfcolums_sel` (
  `pdfcolumnselid` int(2) NOT NULL default '0',
  `pdfmodul` varchar(13) collate utf8_unicode_ci NOT NULL default '0',
  `pdftaxmode` varchar(10) collate utf8_unicode_ci NOT NULL default '0',
  `position` varchar(7) collate utf8_unicode_ci NOT NULL default '0',
  `ordercode` varchar(7) collate utf8_unicode_ci NOT NULL default '0',
  `description` varchar(7) collate utf8_unicode_ci NOT NULL default '0',
  `qty` varchar(7) collate utf8_unicode_ci NOT NULL default '0',
  `unit` varchar(7) collate utf8_unicode_ci NOT NULL default '0',
  `unitprice` varchar(7) collate utf8_unicode_ci NOT NULL default '0',
  `discount` varchar(7) collate utf8_unicode_ci NOT NULL default '0',
  `tax` varchar(7) collate utf8_unicode_ci NOT NULL default '0',
  `linetotal` varchar(7) collate utf8_unicode_ci NOT NULL default '0',
  PRIMARY KEY  (`pdfcolumnselid`)
) ENGINE=InnoDB DEFAULT CHARSET=utf8 COLLATE=utf8_unicode_ci]]></sql>
</table>
<table>
<name>crmnow_pdfconfiguration</name>
<sql><![CDATA[CREATE TABLE IF NOT EXISTS `crmnow_pdfconfiguration` (
  `pdfid` int(2) NOT NULL default '0',
  `pdfmodul` varchar(13) collate utf8_unicode_ci NOT NULL default '',
  `fontid` int(5) NOT NULL default '0',
  `fontsizebody` int(2) NOT NULL default '9',
  `fontsizeheader` int(2) NOT NULL default '9',
  `fontsizefooter` int(2) NOT NULL default '9',
  `fontsizeaddress` int(2) NOT NULL default '9',
  `dateused` int(1) NOT NULL default '0',
  `spaceheadline` int(1) NOT NULL default '1',
  `summaryradio` varchar(5) collate utf8_unicode_ci NOT NULL default 'true',
  `gprodname` varchar(5) collate utf8_unicode_ci NOT NULL default 'true',
  `gproddes` varchar(5) collate utf8_unicode_ci NOT NULL default 'true',
  `gprodcom` varchar(5) collate utf8_unicode_ci NOT NULL default 'true',
  `iprodname` varchar(5) collate utf8_unicode_ci NOT NULL default 'true',
  `iproddes` varchar(5) collate utf8_unicode_ci NOT NULL default 'true',
  `iprodcom` varchar(5) collate utf8_unicode_ci NOT NULL default 'true',
  `pdflang` varchar(5) collate utf8_unicode_ci NOT NULL default 'ge_de',
  `footerradio` varchar(5) collate utf8_unicode_ci NOT NULL default 'true',
  `logoradio` varchar(5) collate utf8_unicode_ci NOT NULL default 'true',
  `pageradio` varchar(5) collate utf8_unicode_ci NOT NULL default 'true',
  `owner` varchar(5) collate utf8_unicode_ci NOT NULL default 'true',
  `ownerphone` varchar(5) collate utf8_unicode_ci NOT NULL default 'true',
  `poname` varchar(5) collate utf8_unicode_ci NOT NULL default 'true',
  `clientid` varchar(5) collate utf8_unicode_ci NOT NULL default 'true',
  `carrier` varchar(5) collate utf8_unicode_ci NOT NULL default 'true',
  `paperf` varchar(9) collate utf8_unicode_ci NOT NULL default 'A4',
  PRIMARY KEY  (`pdfid`)
) ENGINE=InnoDB DEFAULT CHARSET=utf8 COLLATE=utf8_unicode_ci]]></sql>
</table>
<table>
<name>crmnow_pdffonts</name>
<sql><![CDATA[CREATE TABLE IF NOT EXISTS `crmnow_pdffonts` (
  `fontid` int(2) NOT NULL default '0',
  `tcpdfname` varchar(30) collate utf8_unicode_ci NOT NULL default '',
  `namedisplay` varchar(50) collate utf8_unicode_ci NOT NULL default '',
  PRIMARY KEY  (`fontid`)
) ENGINE=InnoDB DEFAULT CHARSET=utf8 COLLATE=utf8_unicode_ci]]></sql>
</table>
</tables>
</module>
